Time_Index,NR_conventional_hydroelectric,NER_conventional_hydroelectric,ER_conventional_hydroelectric,WR_conventional_hydroelectric,SR_conventional_hydroelectric,ER_solar_rt,NER_solar_rt,NR_solar_rt,SR_solar_rt,WR_solar_rt,ER_offshore_wind,SR_offshore_wind,WR_offshore_wind,NER_offshore_wind,NR_offshore_wind,ER_solar_pv,NER_solar_pv,NR_solar_pv,SR_solar_pv,WR_solar_pv,ER_onshore_wind,NER_onshore_wind,NR_onshore_wind,SR_onshore_wind,WR_onshore_wind
1,0.21,0.21,0.21,0.21,0.21,0,0,0,0,0,0.099283333,0.166505952,0.299260317,0,0,0,0,0,0,0,0.1728,0.13004,0.140064912,0.211525667,0.188233613
2,0.21,0.21,0.21,0.21,0.21,0,0,0,0,0,0.108533333,0.153886905,0.299711111,0,0,0,0,0,0,0,0.163488889,0.11613,0.136629435,0.202515,0.179248319
3,0.21,0.21,0.21,0.21,0.21,0,0,0,0,0,0.11005,0.148870238,0.312566667,0,0,0,0,0,0,0,0.171288889,0.1064,0.128844834,0.188789333,0.174275714
4,0.21,0.21,0.21,0.21,0.21,0,0,0,0,0,0.1225,0.14507619,0.310312698,0,0,0,0,0,0,0,0.166411111,0.107575,0.121551267,0.172273167,0.16500563
5,0.21,0.21,0.21,0.21,0.21,0,0,0,0,0,0.1419,0.140429762,0.290080952,0,0,0,0,0,0,0,0.177377778,0.09956,0.116792593,0.166043167,0.156154958
6,0.21,0.21,0.21,0.21,0.21,0,0,0,0,0,0.162,0.147003571,0.284761905,0,0,0,0,0,0,0,0.178655556,0.11333,0.097943665,0.154603833,0.153872437
7,0.21,0.21,0.21,0.21,0.21,0,0.00806,0,0,0,0.197333333,0.144884524,0.265531746,0,0,0,0.00805,0,0,0,0.170477778,0.11641,0.092490838,0.143359833,0.157269748
8,0.21,0.21,0.21,0.21,0.21,0.10495,0.17279,0.018014074,0.054361667,0.0289075,0.20645,0.136190476,0.244990476,0,0,0.100011111,0.203035,0.01717037,0.053807756,0.032727227,0.164422222,0.11529,0.08557037,0.1362855,0.158599412
9,0.21,0.21,0.21,0.21,0.21,0.2735,0.333945,0.182562963,0.231846,0.206119286,0.20875,0.135363095,0.226588889,0,0,0.253911111,0.371575,0.191951072,0.232949218,0.210065966,0.120577778,0.094365,0.085382261,0.118547167,0.150664706
10,0.21,0.21,0.21,0.21,0.21,0.409,0.471805,0.328851111,0.399018667,0.378237857,0.208333333,0.142695238,0.200060317,0,0,0.407411111,0.51056,0.332676608,0.398370026,0.383049748,0.081844444,0.091075,0.06655731,0.088151167,0.111600336
11,0.21,0.21,0.21,0.21,0.21,0.512983333,0.553195,0.440328148,0.522048333,0.504246429,0.21185,0.146459524,0.176563492,0,0,0.504766667,0.576635,0.417912281,0.522414692,0.513952605,0.058288889,0.08943,0.051592788,0.079756,0.072039412
12,0.21,0.21,0.21,0.21,0.21,0.549716667,0.55592,0.504000741,0.594229667,0.588880714,0.196483333,0.14082381,0.156890476,0,0,0.517233333,0.59504,0.472101559,0.600026231,0.593514958,0.055633333,0.08354,0.049024561,0.0785555,0.052225126
13,0.21,0.21,0.21,0.21,0.21,0.544483333,0.54096,0.538097037,0.608654,0.615776429,0.16735,0.130617857,0.141490476,0,0,0.513,0.5935,0.516230409,0.621752564,0.621950588,0.056833333,0.08976,0.050061988,0.081259,0.047516639
14,0.21,0.21,0.21,0.21,0.21,0.501783333,0.49559,0.538340741,0.592521,0.609804286,0.150183333,0.129767857,0.133390476,0,0,0.473511111,0.54115,0.543750487,0.599102846,0.607908655,0.059866667,0.08565,0.054502534,0.085689833,0.049179412
15,0.21,0.21,0.21,0.21,0.21,0.418866667,0.3791,0.477314074,0.527753,0.540893571,0.141733333,0.132505952,0.13112381,0,0,0.398233333,0.434455,0.464752047,0.534073756,0.542536471,0.060911111,0.0799,0.063028655,0.0892845,0.051796471
16,0.21,0.21,0.21,0.21,0.21,0.280466667,0.22426,0.35164,0.415237,0.430806429,0.124866667,0.140425,0.132890476,0,0,0.262866667,0.249425,0.34942768,0.422961013,0.428807143,0.062422222,0.069925,0.061327485,0.092182667,0.049810672
17,0.21,0.21,0.21,0.21,0.21,0.110616667,0.047935,0.200946667,0.257665,0.272088214,0.124816667,0.148842857,0.13185873,0,0,0.097244444,0.057065,0.199297661,0.265318526,0.271214118,0.069288889,0.066955,0.06789961,0.093005833,0.052684454
18,0.21,0.21,0.21,0.21,0.21,0,0,0.025108889,0.078928667,0.078535357,0.130566667,0.162345238,0.14435873,0,0,6.67E-05,0,0.018739961,0.080369846,0.077069076,0.083666667,0.07894,0.070998246,0.1094585,0.066645042
19,0.21,0.21,0.21,0.21,0.21,0,0,0,0,0,0.124633333,0.167738095,0.15324127,0,0,0,0,0,0,0,0.122055556,0.07882,0.082632164,0.1471625,0.098499748
20,0.21,0.21,0.21,0.21,0.21,0,0,0,0,0,0.1142,0.17177381,0.165996825,0,0,0,0,0,0,0,0.153055556,0.08662,0.083822027,0.1778005,0.122564034
21,0.21,0.21,0.21,0.21,0.21,0,0,0,0,0,0.0992,0.178297619,0.172538095,0,0,0,0,0,0,0,0.1811,0.103795,0.085179142,0.200902,0.141347227
22,0.21,0.21,0.21,0.21,0.21,0,0,0,0,0,0.09175,0.178685714,0.16957619,0,0,0,0,0,0,0,0.1899,0.11405,0.091061988,0.209811167,0.163916471
23,0.21,0.21,0.21,0.21,0.21,0,0,0,0,0,0.086816667,0.182261905,0.180036508,0,0,0,0,0,0,0,0.181166667,0.12121,0.100055166,0.218028667,0.175031849
24,0.21,0.21,0.21,0.21,0.21,0,0,0,0,0,0.087433333,0.169905952,0.183455556,0,0,0,0,0,0,0,0.176677778,0.12652,0.104667836,0.226446667,0.177076555
25,0.19,0.19,0.19,0.19,0.19,0,0,0,0,0,0.015416667,0.15247381,0.304126984,0,0,0,0,0,0,0,0.136611111,0.102475,0.163646979,0.227709167,0.186176639
26,0.19,0.19,0.19,0.19,0.19,0,0,0,0,0,0.01715,0.144858333,0.305506349,0,0,0,0,0,0,0,0.134677778,0.105985,0.160175244,0.2241805,0.182492017
27,0.19,0.19,0.19,0.19,0.19,0,0,0,0,0,0.025816667,0.131494048,0.29584127,0,0,0,0,0,0,0,0.144522222,0.11469,0.163879532,0.212334833,0.198928571
28,0.19,0.19,0.19,0.19,0.19,0,0,0,0,0,0.048766667,0.132267857,0.301180952,0,0,0,0,0,0,0,0.1475,0.100095,0.160407018,0.203582,0.206923109
29,0.19,0.19,0.19,0.19,0.19,0,0,0,0,0,0.048183333,0.130375,0.309649206,0,0,0,0,0,0,0,0.148288889,0.101035,0.154711306,0.192255,0.204277311
30,0.19,0.19,0.19,0.19,0.19,0,0,0,0,0,0.073433333,0.128671429,0.331025397,0,0,0,0,0,0,0,0.123155556,0.10037,0.149140936,0.184091333,0.199176387
31,0.19,0.19,0.19,0.19,0.19,0.001416667,0.02211,1.11E-05,0,0,0.073916667,0.139259524,0.325577778,0,0,0.000488889,0.02701,0,0,0,0.107688889,0.102745,0.147219688,0.180989333,0.20641437
32,0.19,0.19,0.19,0.19,0.19,0.129466667,0.194975,0.038976296,0.072285667,0.044113214,0.08525,0.137159524,0.3078,0,0,0.122366667,0.217705,0.043797661,0.069977987,0.048104118,0.085777778,0.098145,0.141445029,0.172362167,0.193212353
33,0.19,0.19,0.19,0.19,0.19,0.298016667,0.35746,0.225855556,0.267615,0.229459286,0.0941,0.142305952,0.273368254,0,0,0.298733333,0.38683,0.235989669,0.265575654,0.237259748,0.064188889,0.06642,0.13075614,0.1500155,0.182624874
34,0.19,0.19,0.19,0.19,0.19,0.445933333,0.482125,0.39616963,0.440076667,0.411473929,0.101533333,0.147652381,0.234765079,0,0,0.436855556,0.512635,0.42134191,0.442450679,0.418672689,0.040533333,0.037655,0.117985185,0.110959,0.142126639
35,0.19,0.19,0.19,0.19,0.19,0.552666667,0.572485,0.529061481,0.567919,0.546596429,0.106933333,0.144142857,0.219179365,0,0,0.548211111,0.587345,0.543581287,0.572950115,0.554914034,0.031822222,0.02956,0.095854776,0.105926,0.091864034
36,0.19,0.19,0.19,0.19,0.19,0.602766667,0.608095,0.609339259,0.648032667,0.635843571,0.10325,0.128625,0.209557143,0,0,0.614955556,0.60673,0.604407797,0.654271308,0.639626975,0.025733333,0.03769,0.088316959,0.119079333,0.066865126
37,0.19,0.19,0.19,0.19,0.19,0.599366667,0.578385,0.618001481,0.669708333,0.663926071,0.094266667,0.116545238,0.165685714,0,0,0.614188889,0.59016,0.611688109,0.675455462,0.667335546,0.028988889,0.041765,0.087353801,0.128479167,0.061653866
38,0.19,0.19,0.19,0.19,0.19,0.553583333,0.51665,0.621102222,0.659045333,0.650353214,0.070533333,0.117855952,0.157433333,0,0,0.563177778,0.529045,0.622269201,0.659849756,0.655127983,0.031688889,0.049655,0.095851462,0.133198167,0.059821849
39,0.19,0.19,0.19,0.19,0.19,0.45705,0.405915,0.549493333,0.592343667,0.587567857,0.047566667,0.125310714,0.134752381,0,0,0.460566667,0.433125,0.544076413,0.593015077,0.586365042,0.035255556,0.042415,0.105,0.135390167,0.062868571
40,0.19,0.19,0.19,0.19,0.19,0.330066667,0.25952,0.429092593,0.480876,0.4765225,0.036416667,0.133655952,0.160285714,0,0,0.316777778,0.267285,0.427306823,0.479255872,0.479250588,0.035988889,0.038615,0.113464522,0.135192167,0.063131765
41,0.19,0.19,0.19,0.19,0.19,0.159183333,0.098205,0.265151852,0.323501667,0.326806786,0.029233333,0.145105952,0.164692063,0,0,0.143666667,0.103125,0.267578363,0.321722808,0.323012857,0.033722222,0.047715,0.119118713,0.133204667,0.069024034
42,0.19,0.19,0.19,0.19,0.19,0.00565,0,0.081758519,0.126325,0.13334,0.028583333,0.167475,0.170401587,0,0,0.005522222,0,0.085112476,0.125366487,0.130725294,0.031255556,0.059075,0.128477778,0.144011667,0.08409479
43,0.19,0.19,0.19,0.19,0.19,0,0,8.89E-06,0.001117333,0.003097857,0.027533333,0.181540476,0.198085714,0,0,0,0,0.000139766,0.000708333,0.002870756,0.060266667,0.06397,0.143484795,0.176648833,0.108348824
44,0.19,0.19,0.19,0.19,0.19,0,0,0,0,0,0.032233333,0.18959881,0.217892063,0,0,0,0,0,0,0,0.090355556,0.07002,0.161538986,0.212372333,0.133508739
45,0.19,0.19,0.19,0.19,0.19,0,0,0,0,0,0.0347,0.18572619,0.229938095,0,0,0,0,0,0,0,0.109433333,0.07772,0.176813645,0.237274667,0.166558655
46,0.19,0.19,0.19,0.19,0.19,0,0,0,0,0,0.0398,0.18477619,0.251865079,0,0,0,0,0,0,0,0.116822222,0.081795,0.176562573,0.2470035,0.193261008
47,0.19,0.19,0.19,0.19,0.19,0,0,0,0,0,0.037266667,0.184055952,0.255455556,0,0,0,0,0,0,0,0.133611111,0.09042,0.179697076,0.249319167,0.211163782
48,0.19,0.19,0.19,0.19,0.19,0,0,0,0,0,0.03675,0.174760714,0.247755556,0,0,0,0,0,0,0,0.131022222,0.08116,0.18052924,0.236263667,0.207388319
49,0.22,0.22,0.22,0.22,0.22,0,0,0,0,0,0.20025,0.162015476,0.273606349,0,0,0,0,0,0,0,0.2793,0.09359,0.220017934,0.186262,0.208978235
50,0.22,0.22,0.22,0.22,0.22,0,0,0,0,0,0.184483333,0.148394048,0.244973016,0,0,0,0,0,0,0,0.317522222,0.09804,0.226301949,0.167917833,0.215358487
51,0.22,0.22,0.22,0.22,0.22,0,0,0,0,0,0.156083333,0.13777619,0.265707937,0,0,0,0,0,0,0,0.254522222,0.100725,0.224515984,0.152588667,0.21095521
52,0.22,0.22,0.22,0.22,0.22,0,0,0,0,0,0.146683333,0.125384524,0.267138095,0,0,0,0,0,0,0,0.2524,0.087305,0.218721832,0.135879167,0.200000588
53,0.22,0.22,0.22,0.22,0.22,0,0,0,0,0,0.133716667,0.112561905,0.260411111,0,0,0,0,0,0,0,0.221811111,0.083135,0.205285965,0.127420833,0.187512101
54,0.22,0.22,0.22,0.22,0.22,0,0,0,0,0,0.130966667,0.09842619,0.240777778,0,0,0,0,0,0,0,0.181344444,0.078175,0.208224756,0.120160833,0.189523613
55,0.22,0.22,0.22,0.22,0.22,0.022966667,0.07378,0.003066667,0.00066,0.000251429,0.123916667,0.090207143,0.211430159,0,0,0.028866667,0.081605,0.002481481,0.000405577,0.000626471,0.158111111,0.08804,0.200950487,0.110588833,0.191517395
56,0.22,0.22,0.22,0.22,0.22,0.160116667,0.236065,0.09849037,0.100898,0.080491071,0.167816667,0.084052381,0.191095238,0,0,0.178666667,0.239145,0.107932359,0.096009769,0.082435546,0.131966667,0.08358,0.170549708,0.1023455,0.179824034
57,0.22,0.22,0.22,0.22,0.22,0.334083333,0.395705,0.275806667,0.285936667,0.256971429,0.1537,0.077071429,0.172673016,0,0,0.351077778,0.38405,0.294646004,0.27933241,0.260759076,0.079455556,0.074745,0.14395614,0.069254833,0.146968739
58,0.22,0.22,0.22,0.22,0.22,0.479566667,0.524655,0.430061481,0.442493333,0.426705714,0.137116667,0.074303571,0.146088889,0,0,0.489988889,0.5097,0.453926316,0.439224564,0.427335126,0.055655556,0.080115,0.100669981,0.052779167,0.09109563
59,0.22,0.22,0.22,0.22,0.22,0.57505,0.6046,0.54133037,0.556547667,0.546568214,0.1027,0.06710119,0.136939683,0,0,0.582155556,0.56942,0.553740546,0.560175551,0.546892437,0.052833333,0.090915,0.084354971,0.052827333,0.063718739
60,0.22,0.22,0.22,0.22,0.22,0.62,0.590355,0.606086667,0.625823,0.631766071,0.095033333,0.062765476,0.12455873,0,0,0.616211111,0.575425,0.60398694,0.63175191,0.627717731,0.057655556,0.08915,0.093153021,0.0562715,0.059499412
61,0.22,0.22,0.22,0.22,0.22,0.6147,0.590115,0.615608889,0.650262,0.651326786,0.07825,0.060911905,0.118353968,0,0,0.615322222,0.557925,0.607576023,0.651203795,0.649865378,0.067788889,0.09155,0.103779922,0.063237167,0.05272479
62,0.22,0.22,0.22,0.22,0.22,0.562666667,0.48311,0.598099259,0.629381,0.627430357,0.077133333,0.065354762,0.135466667,0,0,0.556388889,0.492695,0.598542885,0.624306577,0.629775966,0.064366667,0.091245,0.109383431,0.068125833,0.048156555
63,0.22,0.22,0.22,0.22,0.22,0.463916667,0.385755,0.533345185,0.553987,0.564002143,0.081183333,0.073915476,0.146369841,0,0,0.460066667,0.400755,0.513967836,0.552456897,0.56538563,0.073666667,0.079155,0.128652242,0.072402167,0.049053613
64,0.22,0.22,0.22,0.22,0.22,0.33675,0.2519,0.404356296,0.437405333,0.447104643,0.066066667,0.084994048,0.175455556,0,0,0.332822222,0.25996,0.412483431,0.43597159,0.444501261,0.101333333,0.081475,0.140312671,0.0765685,0.051218824
65,0.22,0.22,0.22,0.22,0.22,0.1701,0.10719,0.26196963,0.285325,0.302979643,0.068683333,0.0991,0.194409524,0,0,0.168255556,0.10921,0.271616764,0.288494436,0.301389496,0.0782,0.08934,0.146939181,0.083044833,0.056484286
66,0.22,0.22,0.22,0.22,0.22,0.024283333,0.002875,0.093507407,0.110231,0.1273875,0.083433333,0.110991667,0.198068254,0,0,0.019966667,0.004705,0.102877778,0.110029244,0.125457815,0.072122222,0.096635,0.162633723,0.0941635,0.063763193
67,0.22,0.22,0.22,0.22,0.22,0,0,0.001506667,0.00145,0.006375357,0.101716667,0.116461905,0.226793651,0,0,0,0,0.001967641,0.001127538,0.006461513,0.104755556,0.102875,0.173389669,0.12918,0.08967395
68,0.22,0.22,0.22,0.22,0.22,0,0,0,0,0,0.114866667,0.128407143,0.220596825,0,0,0,0,0,0,0,0.127677778,0.09682,0.177109357,0.178913,0.125116303
69,0.22,0.22,0.22,0.22,0.22,0,0,0,0,0,0.119733333,0.13809881,0.246466667,0,0,0,0,0,0,0,0.148688889,0.10575,0.179605848,0.223872167,0.167207479
70,0.22,0.22,0.22,0.22,0.22,0,0,0,0,0,0.11925,0.14382619,0.271606349,0,0,0,0,0,0,0,0.168066667,0.10961,0.180810526,0.253225167,0.190250756
71,0.22,0.22,0.22,0.22,0.22,0,0,0,0,0,0.117316667,0.150955952,0.265368254,0,0,0,0,0,0,0,0.174644444,0.10148,0.171338986,0.261268,0.207455462
72,0.22,0.22,0.22,0.22,0.22,0,0,0,0,0,0.121316667,0.150035714,0.275104762,0,0,0,0,0,0,0,0.224866667,0.10844,0.178087914,0.238655333,0.22195605
73,0.3,0.3,0.3,0.3,0.3,0,0,0,0,0,0.482633333,0.22587381,0.24045873,0,0,0,0,0,0,0,0.392177778,0.16196,0.309189669,0.2124545,0.270564538
74,0.3,0.3,0.3,0.3,0.3,0,0,0,0,0,0.385183333,0.214842857,0.237015873,0,0,0,0,0,0,0,0.3735,0.1695,0.288584016,0.191295,0.25953437
75,0.3,0.3,0.3,0.3,0.3,0,0,0,0,0,0.3571,0.208009524,0.253755556,0,0,0,0,0,0,0,0.366933333,0.168225,0.310568811,0.167218,0.250445882
76,0.3,0.3,0.3,0.3,0.3,0,0,0,0,0,0.4016,0.200914286,0.249985714,0,0,0,0,0,0,0,0.376222222,0.17576,0.277220273,0.175519833,0.23336916
77,0.3,0.3,0.3,0.3,0.3,0,0,0,0,0,0.455783333,0.183088095,0.206709524,0,0,0,0,0,0,0,0.311844444,0.212165,0.243909357,0.156737833,0.218166555
78,0.3,0.3,0.3,0.3,0.3,0,0.006725,0,0,0,0.45545,0.175509524,0.18834127,0,0,3.33E-05,0.0086,0,0,0,0.313788889,0.20069,0.237836842,0.1479905,0.212523782
79,0.3,0.3,0.3,0.3,0.3,0.0691,0.10257,0.023014074,0.010437,0.01272,0.472283333,0.166214286,0.163625397,0,0,0.069766667,0.112365,0.02347271,0.009459295,0.013103109,0.273888889,0.203695,0.225567641,0.125431167,0.197744874
80,0.3,0.3,0.3,0.3,0.3,0.231833333,0.234155,0.142415556,0.132104,0.127965357,0.52935,0.156365476,0.128522222,0,0,0.221188889,0.242465,0.148431774,0.131555282,0.127038067,0.194266667,0.20047,0.207742885,0.100033667,0.185329244
81,0.3,0.3,0.3,0.3,0.3,0.3845,0.346815,0.297673333,0.303483333,0.295955714,0.503616667,0.148409524,0.122961905,0,0,0.353777778,0.360615,0.309081481,0.299693692,0.295317143,0.162533333,0.18084,0.160309942,0.063145833,0.133360168
82,0.3,0.3,0.3,0.3,0.3,0.5102,0.444235,0.427014815,0.446381,0.444201786,0.538366667,0.135540476,0.123838095,0,0,0.470533333,0.45849,0.445638012,0.445367744,0.443517059,0.168844444,0.16541,0.103578752,0.053684333,0.087972269
83,0.3,0.3,0.3,0.3,0.3,0.582933333,0.50665,0.530907407,0.54935,0.554546786,0.529916667,0.131371429,0.114547619,0,0,0.549144444,0.50781,0.549898246,0.552709679,0.549324202,0.141188889,0.154645,0.097525731,0.04923,0.077457983
84,0.3,0.3,0.3,0.3,0.3,0.628983333,0.53164,0.592986667,0.608176,0.621951429,0.5238,0.133779762,0.106650794,0,0,0.587344444,0.538785,0.599883431,0.615776308,0.618369748,0.135633333,0.128125,0.110626121,0.050280167,0.079123697
85,0.3,0.3,0.3,0.3,0.3,0.62125,0.51212,0.611425185,0.616247667,0.6428475,0.491183333,0.146846429,0.118177778,0,0,0.578433333,0.54296,0.611632554,0.625323051,0.635128151,0.123766667,0.147685,0.130435088,0.059809833,0.074734958
86,0.3,0.3,0.3,0.3,0.3,0.5707,0.42264,0.584751111,0.584491333,0.617806429,0.501666667,0.165509524,0.130011111,0,0,0.533933333,0.497795,0.593236842,0.59577941,0.612099496,0.125855556,0.148035,0.134658285,0.061911833,0.079030336
87,0.3,0.3,0.3,0.3,0.3,0.4722,0.35094,0.499125926,0.512342667,0.548986071,0.53695,0.177680952,0.137668254,0,0,0.4405,0.382835,0.517539571,0.517268872,0.540819916,0.132344444,0.150545,0.144511501,0.065892,0.081710336
88,0.3,0.3,0.3,0.3,0.3,0.332833333,0.23003,0.383980741,0.402106333,0.433071071,0.5112,0.20745119,0.15971746,0,0,0.308466667,0.257715,0.401935867,0.398522141,0.425515882,0.146066667,0.12552,0.153200975,0.074167667,0.088138655
89,0.3,0.3,0.3,0.3,0.3,0.16895,0.106115,0.257251111,0.252212,0.284061071,0.55125,0.226144048,0.168531746,0,0,0.1581,0.11629,0.269262573,0.248255936,0.283697059,0.156566667,0.11111,0.173767446,0.079797167,0.100580924
90,0.3,0.3,0.3,0.3,0.3,0.033916667,0.008035,0.103204444,0.093516333,0.123992143,0.5504,0.247333333,0.178369841,0,0,0.030755556,0.009815,0.108474074,0.093588295,0.120654286,0.168377778,0.12169,0.21120039,0.0942355,0.104190672
91,0.3,0.3,0.3,0.3,0.3,0,0,0.009227407,0.001374,0.010199286,0.576516667,0.249884524,0.179196825,0,0,0,0,0.010902144,0.001091667,0.01012437,0.254755556,0.13597,0.219635283,0.131279333,0.141455714
92,0.3,0.3,0.3,0.3,0.3,0,0,0,0,0,0.59525,0.264521429,0.189577778,0,0,0,0,0,0,0,0.393755556,0.13275,0.230646979,0.173536167,0.194934958
93,0.3,0.3,0.3,0.3,0.3,0,0,0,0,0,0.6483,0.270284524,0.210690476,0,0,0,0,0,0,0,0.475411111,0.132275,0.263440351,0.222786167,0.247974286
94,0.3,0.3,0.3,0.3,0.3,0,0,0,0,0,0.601416667,0.293139286,0.221503175,0,0,0,0,0,0,0,0.499544444,0.152775,0.307650682,0.269368333,0.278823445
95,0.3,0.3,0.3,0.3,0.3,0,0,0,0,0,0.676716667,0.288365476,0.252393651,0,0,0,0,0,0,0,0.479422222,0.166275,0.316522612,0.267882667,0.288119496
96,0.3,0.3,0.3,0.3,0.3,0,0,0,0,0,0.61045,0.29667619,0.268365079,0,0,0,0,0,0,0,0.442755556,0.165565,0.336366667,0.253005833,0.297328571
97,0.4,0.4,0.4,0.4,0.4,0,0,0,0,0,0.583,0.368892857,0.308444444,0,0,0,0,0,0,0,0.3684,0.169135,0.232144639,0.286219667,0.318312269
98,0.4,0.4,0.4,0.4,0.4,0,0,0,0,0,0.573583333,0.358034524,0.301157143,0,0,0,0,0,0,0,0.365855556,0.166065,0.238775244,0.277211667,0.302240672
99,0.4,0.4,0.4,0.4,0.4,0,0,0,0,0,0.540416667,0.346590476,0.350128571,0,0,0,0,0,0,0,0.318044444,0.153385,0.212720468,0.2739585,0.290523109
100,0.4,0.4,0.4,0.4,0.4,0,0,0,0,0,0.546266667,0.356396429,0.31258254,0,0,0,0,0,0,0,0.315144444,0.147515,0.194649708,0.265381167,0.277334286
101,0.4,0.4,0.4,0.4,0.4,0,0,0,0,0,0.506583333,0.352013095,0.291396825,0,0,0,0,0,0,0,0.303044444,0.15023,0.201024756,0.25471,0.272284202
102,0.4,0.4,0.4,0.4,0.4,0.0033,0.025905,0.000355556,0,0,0.456883333,0.341725,0.24857619,0,0,0.006122222,0.026465,0.000448148,0,0,0.234455556,0.150305,0.188994542,0.250500167,0.254512521
103,0.4,0.4,0.4,0.4,0.4,0.07965,0.10593,0.042834074,0.018728,0.023025,0.397316667,0.342004762,0.238055556,0,0,0.0733,0.11901,0.041246394,0.018405756,0.023370588,0.201933333,0.13247,0.163209357,0.24347,0.234325294
104,0.4,0.4,0.4,0.4,0.4,0.207333333,0.213235,0.156545926,0.124297333,0.131930357,0.348316667,0.33010119,0.220222222,0,0,0.195833333,0.22513,0.162035478,0.120883487,0.130554034,0.165766667,0.10328,0.141208577,0.209235833,0.189707983
105,0.4,0.4,0.4,0.4,0.4,0.33435,0.3263,0.298686667,0.252831667,0.275735714,0.3356,0.286103571,0.19422381,0,0,0.322777778,0.35005,0.31298499,0.253556192,0.273264034,0.114777778,0.098255,0.114899415,0.182222167,0.143955798
106,0.4,0.4,0.4,0.4,0.4,0.43205,0.419425,0.421842963,0.369711333,0.395167143,0.315216667,0.29105119,0.19408254,0,0,0.424811111,0.43778,0.433968616,0.369448385,0.399489328,0.098833333,0.11139,0.09220039,0.170512,0.12340916
107,0.4,0.4,0.4,0.4,0.4,0.518816667,0.466995,0.508879259,0.447955667,0.478389286,0.3252,0.277359524,0.174803175,0,0,0.507555556,0.489315,0.52032885,0.45763,0.497022101,0.097,0.112595,0.083548538,0.173027833,0.119960756
108,0.4,0.4,0.4,0.4,0.4,0.539383333,0.463135,0.562014074,0.494777667,0.550926429,0.33835,0.258557143,0.191249206,0,0,0.545377778,0.50336,0.570514035,0.49955759,0.552963529,0.097211111,0.109785,0.093512281,0.177531,0.125776723
109,0.4,0.4,0.4,0.4,0.4,0.53555,0.404865,0.560725926,0.503315,0.562419643,0.401683333,0.272786905,0.18655873,0,0,0.520088889,0.471995,0.568510136,0.504076154,0.564437899,0.089322222,0.1262,0.084113255,0.184108,0.12323
110,0.4,0.4,0.4,0.4,0.4,0.48155,0.37115,0.520711111,0.483701,0.539575714,0.38645,0.289364286,0.203703175,0,0,0.465066667,0.43024,0.535105068,0.470135256,0.528997143,0.091744444,0.145635,0.108788109,0.187388167,0.122874286
111,0.4,0.4,0.4,0.4,0.4,0.4124,0.295065,0.472062222,0.424051,0.46841,0.423,0.311911905,0.216415873,0,0,0.377577778,0.34408,0.483636842,0.41366159,0.472220168,0.086766667,0.152825,0.108418713,0.208301667,0.132929832
112,0.4,0.4,0.4,0.4,0.4,0.298566667,0.22013,0.361295556,0.335020333,0.376535357,0.466566667,0.348882143,0.258922222,0,0,0.262755556,0.24751,0.367678752,0.318888641,0.374323782,0.082511111,0.151775,0.125972904,0.2151905,0.154857395
113,0.4,0.4,0.4,0.4,0.4,0.157916667,0.11019,0.225748148,0.213018667,0.253739643,0.448366667,0.371042857,0.285569841,0,0,0.145788889,0.115935,0.234938402,0.206623346,0.244979916,0.099555556,0.136735,0.110453021,0.2195805,0.170812605
114,0.4,0.4,0.4,0.4,0.4,0.043766667,0.023275,0.108648889,0.084841333,0.116262857,0.490933333,0.38134881,0.327847619,0,0,0.040022222,0.0212,0.108089669,0.083130077,0.113281597,0.129744444,0.131325,0.122890058,0.237538333,0.160126723
115,0.4,0.4,0.4,0.4,0.4,0,0,0.023195556,0.003162667,0.016955,0.5089,0.38499881,0.326330159,0,0,0,0,0.023377778,0.002846231,0.016559076,0.222222222,0.13135,0.165238791,0.265257333,0.198932269
116,0.4,0.4,0.4,0.4,0.4,0,0,0,0,0,0.5382,0.394752381,0.380439683,0,0,0,0,3.70E-06,0,0,0.268444444,0.128055,0.188433333,0.305486333,0.251023109
117,0.4,0.4,0.4,0.4,0.4,0,0,0,0,0,0.573683333,0.401757143,0.369295238,0,0,0,0,0,0,0,0.334888889,0.11465,0.208756335,0.321547667,0.277952689
118,0.4,0.4,0.4,0.4,0.4,0,0,0,0,0,0.609416667,0.392496429,0.360938095,0,0,0,0,0,0,0,0.421966667,0.1096,0.241366472,0.336959167,0.305583361
119,0.4,0.4,0.4,0.4,0.4,0,0,0,0,0,0.66605,0.402480952,0.360131746,0,0,0,0,0,0,0,0.410377778,0.10871,0.289606628,0.335876167,0.325292605
120,0.4,0.4,0.4,0.4,0.4,0,0,0,0,0,0.6782,0.418754762,0.353184127,0,0,0,0,0,0,0,0.380633333,0.10575,0.278289474,0.326671833,0.336643277
121,0.45,0.45,0.45,0.45,0.45,0,0,0,0,0,0.736533333,0.484961905,0.442025397,0,0,0,0,0,0,0,0.326688889,0.208235,0.234418908,0.396117833,0.343764034
122,0.45,0.45,0.45,0.45,0.45,0,0,0,0,0,0.741283333,0.487008333,0.438057143,0,0,0,0,0,0,0,0.309866667,0.19592,0.239651267,0.390524833,0.358676975
123,0.45,0.45,0.45,0.45,0.45,0,0,0,0,0,0.757166667,0.490383333,0.435525397,0,0,0,0,0,0,0,0.3013,0.18189,0.210419103,0.392014333,0.341409328
124,0.45,0.45,0.45,0.45,0.45,0,0,0,0,0,0.716716667,0.47965,0.412888889,0,0,0,0,0,0,0,0.2961,0.18617,0.228525341,0.376943667,0.328857311
125,0.45,0.45,0.45,0.45,0.45,0,0,0,0,0,0.65745,0.441975,0.43762381,0,0,0,0,0,0,0,0.304322222,0.195585,0.212841131,0.374575667,0.297883109
126,0.45,0.45,0.45,0.45,0.45,0.003516667,0.023455,0.000422222,0,0,0.64385,0.432569048,0.408811111,0,0,0.005822222,0.02555,0.000718519,0,0,0.290877778,0.195365,0.208747953,0.358001,0.277334622
127,0.45,0.45,0.45,0.45,0.45,0.069033333,0.083505,0.035177778,0.017537333,0.019303571,0.595333333,0.422227381,0.407963492,0,0,0.067333333,0.097725,0.03437154,0.016461141,0.019264454,0.241044444,0.168445,0.17284191,0.339982167,0.270991429
128,0.45,0.45,0.45,0.45,0.45,0.171,0.149685,0.118102963,0.103043667,0.103329643,0.572516667,0.41049881,0.404834921,0,0,0.162577778,0.175845,0.122180117,0.105203756,0.099961008,0.216766667,0.17161,0.155375634,0.284401833,0.228352773
129,0.45,0.45,0.45,0.45,0.45,0.2888,0.241125,0.23145037,0.219713,0.216896071,0.5355,0.396691667,0.41171746,0,0,0.264566667,0.28433,0.235915205,0.226948538,0.211838992,0.201166667,0.154665,0.135674854,0.249927833,0.207373782
130,0.45,0.45,0.45,0.45,0.45,0.382116667,0.33711,0.339308148,0.325472333,0.320317143,0.51855,0.375216667,0.3921,0,0,0.354377778,0.382005,0.352662183,0.335561167,0.316682605,0.203055556,0.158375,0.129375828,0.249624833,0.217918403
131,0.45,0.45,0.45,0.45,0.45,0.438783333,0.39323,0.430554074,0.416536333,0.4241925,0.4983,0.365266667,0.395390476,0,0,0.428677778,0.44198,0.444033918,0.423580962,0.409104202,0.217533333,0.19883,0.126575049,0.2641615,0.221079916
132,0.45,0.45,0.45,0.45,0.45,0.47085,0.42552,0.480853333,0.465859333,0.481892143,0.519583333,0.364295238,0.395673016,0,0,0.471188889,0.45495,0.491561793,0.473696769,0.465563613,0.195811111,0.22473,0.124472515,0.271068,0.229941345
133,0.45,0.45,0.45,0.45,0.45,0.4425,0.378025,0.488845185,0.478833333,0.48684,0.520716667,0.364636905,0.375701587,0,0,0.464566667,0.46988,0.497064912,0.48019359,0.477254034,0.184222222,0.241775,0.117784795,0.278389833,0.227698908
134,0.45,0.45,0.45,0.45,0.45,0.4165,0.34791,0.460265926,0.446756667,0.458671429,0.582883333,0.376166667,0.409993651,0,0,0.421077778,0.41134,0.469094347,0.44592591,0.450367647,0.170811111,0.24237,0.127376023,0.2772725,0.234143025
135,0.45,0.45,0.45,0.45,0.45,0.330583333,0.302835,0.410825185,0.397967333,0.407068929,0.57005,0.386997619,0.411765079,0,0,0.329,0.340535,0.440436452,0.393032218,0.390871765,0.175033333,0.265015,0.123854386,0.2858245,0.240539664
136,0.45,0.45,0.45,0.45,0.45,0.2335,0.208125,0.337287407,0.309654,0.323596786,0.578283333,0.413471429,0.435298413,0,0,0.245088889,0.237185,0.34950078,0.303144577,0.302773109,0.178511111,0.281295,0.121998635,0.289661667,0.231621513
137,0.45,0.45,0.45,0.45,0.45,0.13445,0.119415,0.226838519,0.203997333,0.217952857,0.648116667,0.450792857,0.431673016,0,0,0.136977778,0.121675,0.239075634,0.196872115,0.20765605,0.183944444,0.26957,0.136933138,0.290586333,0.235526807
138,0.45,0.45,0.45,0.45,0.45,0.049866667,0.03473,0.116436296,0.091005,0.114188571,0.6915,0.438085714,0.454068254,0,0,0.046833333,0.03191,0.11727271,0.088287974,0.106237815,0.221122222,0.276115,0.130849123,0.284942167,0.239003361
139,0.45,0.45,0.45,0.45,0.45,0.000216667,7.50E-05,0.032826667,0.008584,0.024828571,0.723666667,0.45612381,0.437539683,0,0,1.00E-04,0.000525,0.031976803,0.008286231,0.023545462,0.250466667,0.242315,0.1393577,0.3027575,0.24258084
140,0.45,0.45,0.45,0.45,0.45,0,0,0.000555556,0,0,0.7123,0.463109524,0.414114286,0,0,0,0,0.000518519,0,1.14E-05,0.269,0.235815,0.155050292,0.332472,0.270070336
141,0.45,0.45,0.45,0.45,0.45,0,0,0,0,0,0.7502,0.472667857,0.424031746,0,0,0,0,0,0,0,0.309177778,0.220105,0.178354776,0.353751667,0.296259748
142,0.45,0.45,0.45,0.45,0.45,0,0,0,0,0,0.765933333,0.476121429,0.408969841,0,0,0,0,0,0,0,0.324,0.2149,0.197406043,0.364712333,0.334322437
143,0.45,0.45,0.45,0.45,0.45,0,0,0,0,0,0.782883333,0.459107143,0.414119048,0,0,0,0,0,0,0,0.382222222,0.215945,0.223198635,0.372648,0.341586891
144,0.45,0.45,0.45,0.45,0.45,0,0,0,0,0,0.777583333,0.461563095,0.427038095,0,0,0,0,0,0,0,0.395755556,0.212755,0.227342495,0.386424,0.345743361
145,0.55,0.55,0.55,0.55,0.55,0,0,0,0,0,0.521033333,0.655191667,0.807163492,0,0,0,0,0,0,0,0.265733333,0.191925,0.166851657,0.487475,0.374007479
146,0.55,0.55,0.55,0.55,0.55,0,0,0,0,0,0.50295,0.666319048,0.825352381,0,0,0,0,0,0,0,0.253633333,0.17829,0.176964522,0.483923167,0.358264958
147,0.55,0.55,0.55,0.55,0.55,0,0,0,0,0,0.478116667,0.670009524,0.813179365,0,0,0,0,0,0,0,0.222044444,0.175515,0.167777388,0.485395333,0.347498571
148,0.55,0.55,0.55,0.55,0.55,0,0,0,0,0,0.436866667,0.657927381,0.805933333,0,0,0,0,0,0,0,0.192755556,0.148765,0.165702339,0.481040167,0.342509328
149,0.55,0.55,0.55,0.55,0.55,0,0,0,0,0,0.489933333,0.654247619,0.827909524,0,0,0,0,0,0,0,0.193411111,0.14849,0.161891813,0.484646833,0.333772269
150,0.55,0.55,0.55,0.55,0.55,0.0015,0.01723,5.56E-05,0,0,0.493466667,0.638117857,0.817890476,0,0,0.0036,0.01951,4.81E-05,0,0,0.184066667,0.15215,0.164547173,0.466613833,0.329070252
151,0.55,0.55,0.55,0.55,0.55,0.0626,0.096365,0.028185185,0.010827,0.013963929,0.489583333,0.627972619,0.808149206,0,0,0.065688889,0.10239,0.028336452,0.009969333,0.014042101,0.164255556,0.145545,0.153775244,0.446074,0.305656975
152,0.55,0.55,0.55,0.55,0.55,0.187616667,0.20547,0.109585926,0.093018,0.0925125,0.497233333,0.606720238,0.807233333,0,0,0.175544444,0.20498,0.111723782,0.092419295,0.089046218,0.120966667,0.12612,0.120949123,0.416466333,0.267078739
153,0.55,0.55,0.55,0.55,0.55,0.3192,0.304545,0.215314815,0.206203,0.190803571,0.519666667,0.603844048,0.801657143,0,0,0.286955556,0.29319,0.225962378,0.201477974,0.195430924,0.115655556,0.13457,0.105631579,0.370315333,0.243827731
154,0.55,0.55,0.55,0.55,0.55,0.411066667,0.37167,0.309786667,0.298704667,0.292768214,0.504033333,0.590635714,0.814212698,0,0,0.391733333,0.35978,0.339307797,0.302063936,0.294657731,0.143566667,0.146915,0.096878947,0.396877833,0.252086807
155,0.55,0.55,0.55,0.55,0.55,0.501316667,0.450345,0.392521481,0.39107,0.371152857,0.5023,0.582013095,0.811090476,0,0,0.445755556,0.4207,0.425892982,0.379848333,0.374550672,0.132277778,0.150825,0.087786355,0.408619333,0.268602353
156,0.55,0.55,0.55,0.55,0.55,0.525883333,0.47529,0.443879259,0.433802333,0.417262857,0.4963,0.571311905,0.792295238,0,0,0.498833333,0.467685,0.476287135,0.438252321,0.419473109,0.142866667,0.15898,0.082360819,0.413976833,0.255868319
157,0.55,0.55,0.55,0.55,0.55,0.510333333,0.46731,0.440438519,0.432330333,0.402005357,0.532316667,0.565938095,0.79791746,0,0,0.487877778,0.44317,0.457909942,0.442465449,0.406994034,0.160866667,0.164905,0.078078363,0.4402785,0.274371008
158,0.55,0.55,0.55,0.55,0.55,0.477816667,0.42829,0.421447407,0.416940667,0.396293929,0.532916667,0.583502381,0.83888254,0,0,0.451666667,0.430795,0.44609922,0.414445308,0.385639832,0.171844444,0.16244,0.08489922,0.436412833,0.28981916
159,0.55,0.55,0.55,0.55,0.55,0.40015,0.370285,0.385165185,0.369475667,0.3453825,0.5806,0.603528571,0.845019048,0,0,0.390966667,0.358785,0.398997271,0.369303013,0.363408151,0.206744444,0.16988,0.088381481,0.448934667,0.302835798
160,0.55,0.55,0.55,0.55,0.55,0.2868,0.263595,0.317233333,0.298097333,0.289490714,0.55835,0.607875,0.851603175,0,0,0.281877778,0.252635,0.311903314,0.302725244,0.287765462,0.190966667,0.171,0.087682066,0.453846333,0.33120521
161,0.55,0.55,0.55,0.55,0.55,0.163233333,0.138605,0.23062963,0.204324,0.210816429,0.618616667,0.624069048,0.871715873,0,0,0.166622222,0.14143,0.223480117,0.203540538,0.204242101,0.191033333,0.175245,0.081637427,0.463577333,0.338154538
162,0.55,0.55,0.55,0.55,0.55,0.05725,0.035185,0.119285185,0.098131,0.113520357,0.612166667,0.626109524,0.87052381,0,0,0.054744444,0.03533,0.113549513,0.098626192,0.106813613,0.220177778,0.16292,0.084724756,0.460416333,0.313878655
163,0.55,0.55,0.55,0.55,0.55,0.00095,0.000375,0.031474074,0.010790333,0.025819286,0.627083333,0.640353571,0.86898254,0,0,0.000577778,0.0011,0.02981384,0.010807333,0.024359748,0.220711111,0.16476,0.07837232,0.466566,0.340092353
164,0.55,0.55,0.55,0.55,0.55,0,0,5.00E-04,0,0,0.633833333,0.658655952,0.865152381,0,0,0,0,0.00031423,0,3.29E-05,0.234355556,0.165775,0.086095712,0.477301167,0.342907311
165,0.55,0.55,0.55,0.55,0.55,0,0,0,0,0,0.640333333,0.647907143,0.833479365,0,0,0,0,0,0,0,0.259422222,0.16257,0.093038402,0.487594167,0.35882084
166,0.55,0.55,0.55,0.55,0.55,0,0,0,0,0,0.646,0.653189286,0.801585714,0,0,0,0,0,0,0,0.2658,0.156985,0.109219493,0.4844495,0.360155378
167,0.55,0.55,0.55,0.55,0.55,0,0,0,0,0,0.589683333,0.640444048,0.796934921,0,0,0,0,0,0,0,0.277766667,0.1747,0.118883041,0.482063167,0.352625294
168,0.55,0.55,0.55,0.55,0.55,0,0,0,0,0,0.599333333,0.64685119,0.798625397,0,0,0,0,0,0,0,0.263266667,0.18551,0.129636842,0.4947375,0.35582958
169,0.6,0.6,0.6,0.6,0.6,0,0,0,0,0,0.56985,0.479385714,0.512311111,0,0,0,0,0,0,0,0.233266667,0.191805,0.182210916,0.364856167,0.328104706
170,0.6,0.6,0.6,0.6,0.6,0,0,0,0,0,0.593933333,0.468465476,0.504880952,0,0,0,0,0,0,0,0.238188889,0.189435,0.172817154,0.368819833,0.339098655
171,0.6,0.6,0.6,0.6,0.6,0,0,0,0,0,0.6219,0.471694048,0.49978254,0,0,0,0,0,0,0,0.250055556,0.202325,0.172421442,0.362597833,0.309388992
172,0.6,0.6,0.6,0.6,0.6,0,0,0,0,0,0.587733333,0.437797619,0.491795238,0,0,0,0,0,0,0,0.240388889,0.199095,0.164304483,0.356796333,0.317525462
173,0.6,0.6,0.6,0.6,0.6,0,0,0,0,0,0.570466667,0.433019048,0.501220635,0,0,0,0,0,0,0,0.2372,0.20419,0.156587135,0.352972333,0.290975966
174,0.6,0.6,0.6,0.6,0.6,0,0.00883,0,0,0,0.5633,0.423957143,0.486855556,0,0,0.000233333,0.010365,0,0,0,0.240355556,0.227075,0.147673099,0.337585167,0.294496723
175,0.6,0.6,0.6,0.6,0.6,0.0546,0.097125,0.018385185,0.007397333,0.009157143,0.563516667,0.405367857,0.479487302,0,0,0.059111111,0.099485,0.018518129,0.006695026,0.00944084,0.214655556,0.211765,0.138530409,0.324102667,0.271790504
176,0.6,0.6,0.6,0.6,0.6,0.159733333,0.208265,0.111745926,0.097916,0.087553929,0.564216667,0.402109524,0.480512698,0,0,0.168788889,0.20785,0.122049708,0.094704577,0.082907731,0.172544444,0.202655,0.104986355,0.301010167,0.238126975
177,0.6,0.6,0.6,0.6,0.6,0.259666667,0.30799,0.24239037,0.222669667,0.191302857,0.572383333,0.39047619,0.472247619,0,0,0.280822222,0.316505,0.266030799,0.221996244,0.193379496,0.176733333,0.21421,0.073009162,0.258378333,0.207707815
178,0.6,0.6,0.6,0.6,0.6,0.358433333,0.40729,0.362979259,0.335767,0.284076429,0.57545,0.377770238,0.467866667,0,0,0.379977778,0.41416,0.387004094,0.334247872,0.305799244,0.197222222,0.229235,0.067239961,0.2557425,0.201935966
179,0.6,0.6,0.6,0.6,0.6,0.445366667,0.458335,0.450245185,0.426762333,0.394246071,0.5589,0.371910714,0.456052381,0,0,0.451511111,0.49128,0.480503509,0.420746615,0.375135042,0.196055556,0.241845,0.068579727,0.272085167,0.221076891
180,0.6,0.6,0.6,0.6,0.6,0.440533333,0.47562,0.491393333,0.485037667,0.438455,0.558283333,0.384855952,0.460193651,0,0,0.493777778,0.481715,0.535460624,0.477902731,0.437157227,0.204277778,0.219075,0.070594932,0.2844095,0.225697647
181,0.6,0.6,0.6,0.6,0.6,0.455066667,0.44815,0.49517037,0.492666667,0.459935357,0.554083333,0.395975,0.455887302,0,0,0.473033333,0.45338,0.538385575,0.480733808,0.447463782,0.2084,0.23245,0.07588616,0.305301667,0.23693563
182,0.6,0.6,0.6,0.6,0.6,0.445966667,0.399635,0.467583704,0.471740667,0.450444286,0.564883333,0.387966667,0.472933333,0,0,0.424133333,0.410105,0.496063353,0.467207962,0.437639748,0.223277778,0.230775,0.073235088,0.313655333,0.261624454
183,0.6,0.6,0.6,0.6,0.6,0.352783333,0.34597,0.406428148,0.422084333,0.405124643,0.58345,0.40775119,0.502212698,0,0,0.368744444,0.327455,0.439110526,0.417038167,0.394720588,0.258955556,0.23457,0.084162183,0.312967333,0.271352437
184,0.6,0.6,0.6,0.6,0.6,0.2782,0.252725,0.330688889,0.334335,0.3252925,0.606533333,0.429379762,0.520473016,0,0,0.263322222,0.248495,0.351991813,0.32910859,0.306820672,0.247266667,0.234705,0.081925731,0.3212915,0.266558739
185,0.6,0.6,0.6,0.6,0.6,0.14755,0.12438,0.229240741,0.219583333,0.2178375,0.6093,0.456467857,0.535685714,0,0,0.148655556,0.12733,0.237669396,0.213794897,0.210566639,0.227755556,0.23626,0.077495127,0.327083833,0.259767563
186,0.6,0.6,0.6,0.6,0.6,0.041166667,0.020015,0.101808148,0.094767333,0.104545714,0.633416667,0.465360714,0.560880952,0,0,0.039422222,0.017635,0.110305458,0.093465038,0.101291681,0.2381,0.238975,0.077868226,0.325136,0.260727479
187,0.6,0.6,0.6,0.6,0.6,0,0,0.01639037,0.004214333,0.014908571,0.66145,0.470140476,0.567366667,0,0,0,0,0.016519688,0.003906462,0.014789664,0.2787,0.24313,0.085282066,0.3333675,0.243781597
188,0.6,0.6,0.6,0.6,0.6,0,0,0,0,0,0.683466667,0.479708333,0.558250794,0,0,0,0,0,0,0,0.305377778,0.2257,0.095817544,0.360718333,0.246797479
189,0.6,0.6,0.6,0.6,0.6,0,0,0,0,0,0.722383333,0.490819048,0.537090476,0,0,0,0,0,0,0,0.333611111,0.226645,0.098480702,0.371965167,0.260933445
190,0.6,0.6,0.6,0.6,0.6,0,0,0,0,0,0.680466667,0.486610714,0.531477778,0,0,0,0,0,0,0,0.378833333,0.237685,0.13088538,0.371429667,0.275556891
191,0.6,0.6,0.6,0.6,0.6,0,0,0,0,0,0.675533333,0.487277381,0.507033333,0,0,0,0,0,0,0,0.376477778,0.223415,0.141977778,0.357202,0.281164034
192,0.6,0.6,0.6,0.6,0.6,0,0,0,0,0,0.686833333,0.499164286,0.490103175,0,0,0,0,0,0,0,0.362788889,0.234415,0.147866667,0.365987333,0.292712269
193,0.5,0.5,0.5,0.5,0.5,0,0,0,0,0,0.191583333,0.400705952,0.280688889,0,0,0,0,0,0,0,0.182822222,0.073015,0.162044444,0.306050833,0.210934706
194,0.5,0.5,0.5,0.5,0.5,0,0,0,0,0,0.176483333,0.390113095,0.275063492,0,0,0,0,0,0,0,0.154944444,0.08238,0.161503509,0.310526,0.210513109
195,0.5,0.5,0.5,0.5,0.5,0,0,0,0,0,0.187,0.390854762,0.283638095,0,0,0,0,0,0,0,0.151311111,0.06803,0.149982651,0.310582333,0.211674454
196,0.5,0.5,0.5,0.5,0.5,0,0,0,0,0,0.177316667,0.366034524,0.289304762,0,0,0,0,0,0,0,0.139277778,0.070115,0.148426901,0.308133833,0.206734706
197,0.5,0.5,0.5,0.5,0.5,0,0,0,0,0,0.165066667,0.371790476,0.286919048,0,0,0,0,0,0,0,0.135177778,0.08566,0.133141715,0.309061833,0.200594706
198,0.5,0.5,0.5,0.5,0.5,0,0.00289,0,0,0,0.127816667,0.371220238,0.288538095,0,0,0,0.00465,0,0,0,0.132966667,0.08757,0.122318519,0.298271,0.192852941
199,0.5,0.5,0.5,0.5,0.5,0.05535,0.109685,0.010485185,0.008687333,0.007094286,0.140283333,0.364514286,0.253230159,0,0,0.054155556,0.12187,0.011491228,0.007486436,0.007746471,0.140077778,0.083975,0.115579727,0.289205167,0.184054958
200,0.5,0.5,0.5,0.5,0.5,0.18415,0.23417,0.130268148,0.125030333,0.100781071,0.13735,0.354078571,0.257247619,0,0,0.1843,0.27198,0.139535088,0.121641115,0.099891176,0.104122222,0.07318,0.105392788,0.260333,0.16189395
201,0.5,0.5,0.5,0.5,0.5,0.31405,0.36231,0.289368889,0.264633,0.23807,0.120783333,0.338528571,0.249846032,0,0,0.305133333,0.381075,0.301612865,0.273309577,0.231697563,0.076311111,0.069725,0.085948343,0.207301333,0.121212101
202,0.5,0.5,0.5,0.5,0.5,0.43645,0.451785,0.42484963,0.386023,0.351222857,0.1213,0.317133333,0.237446032,0,0,0.389866667,0.49693,0.443476413,0.399857705,0.353039664,0.0774,0.07732,0.073485575,0.201337833,0.107470756
203,0.5,0.5,0.5,0.5,0.5,0.470483333,0.51286,0.531519259,0.475456,0.440825,0.118116667,0.295445238,0.23248254,0,0,0.478155556,0.54984,0.542618129,0.499858641,0.446538067,0.079033333,0.082455,0.07864347,0.213463167,0.109840924
204,0.5,0.5,0.5,0.5,0.5,0.48235,0.546135,0.58642963,0.539398333,0.50867,0.104683333,0.289742857,0.238665079,0,0,0.495522222,0.561055,0.5861846,0.543872551,0.516995378,0.083822222,0.086395,0.081372515,0.2252755,0.124203193
205,0.5,0.5,0.5,0.5,0.5,0.4822,0.507145,0.589268889,0.536127333,0.502619286,0.10065,0.293594048,0.254901587,0,0,0.4892,0.51858,0.591298246,0.548146321,0.519184202,0.084188889,0.09229,0.085837232,0.235271833,0.125594286
206,0.5,0.5,0.5,0.5,0.5,0.415933333,0.467755,0.550402222,0.500350333,0.470945357,0.0878,0.301779762,0.255434921,0,0,0.450711111,0.477125,0.553294347,0.505736308,0.49349084,0.0741,0.097825,0.090106043,0.233982667,0.149071765
207,0.5,0.5,0.5,0.5,0.5,0.369483333,0.359655,0.456280741,0.444146333,0.391189286,0.09005,0.315191667,0.273765079,0,0,0.373066667,0.38569,0.468549318,0.442620064,0.423405378,0.0781,0.0941,0.09752846,0.231326833,0.163391849
208,0.5,0.5,0.5,0.5,0.5,0.25065,0.2464,0.363065185,0.352201,0.310106429,0.098083333,0.318252381,0.316004762,0,0,0.265188889,0.256005,0.377321248,0.340929205,0.322883613,0.099633333,0.092865,0.105149123,0.2305885,0.175354118
209,0.5,0.5,0.5,0.5,0.5,0.120883333,0.097825,0.220233333,0.215149333,0.198749643,0.10755,0.340071429,0.31735873,0,0,0.124555556,0.094735,0.236320078,0.213113654,0.199787647,0.080222222,0.09883,0.105796296,0.2273325,0.183723445
210,0.5,0.5,0.5,0.5,0.5,0.006766667,0.001375,0.072068889,0.070049667,0.073992857,0.105483333,0.350272619,0.344320635,0,0,0.0055,0.002475,0.076605263,0.071135359,0.073981008,0.078177778,0.091965,0.113154581,0.232990333,0.166653025
211,0.5,0.5,0.5,0.5,0.5,0,0,0.000477778,0.000116,0.000745357,0.108533333,0.35187619,0.341936508,0,0,0,0,0.000440741,3.83E-05,0.001116723,0.079266667,0.082675,0.127534893,0.252198833,0.172803529
212,0.5,0.5,0.5,0.5,0.5,0,0,0,0,0,0.10785,0.366675,0.340012698,0,0,0,0,0,0,0,0.097411111,0.077545,0.129626901,0.2719655,0.177117983
213,0.5,0.5,0.5,0.5,0.5,0,0,0,0,0,0.11345,0.382711905,0.327742857,0,0,0,0,0,0,0,0.111133333,0.06013,0.130773294,0.278491833,0.183695462
214,0.5,0.5,0.5,0.5,0.5,0,0,0,0,0,0.1097,0.381860714,0.330525397,0,0,0,0,0,0,0,0.123255556,0.05459,0.143068421,0.282568833,0.189176807
215,0.5,0.5,0.5,0.5,0.5,0,0,0,0,0,0.100633333,0.382242857,0.305306349,0,0,0,0,0,0,0,0.1154,0.06472,0.136061598,0.286586833,0.187795294
216,0.5,0.5,0.5,0.5,0.5,0,0,0,0,0,0.099966667,0.396833333,0.304752381,0,0,0,0,0,0,0,0.112177778,0.081855,0.133525146,0.294126167,0.203541765
217,0.4,0.4,0.4,0.4,0.4,0,0,0,0,0,0.18,0.118290476,0.149246032,0,0,0,0,0,0,0,0.167311111,0.07373,0.109010721,0.108505,0.110365126
218,0.4,0.4,0.4,0.4,0.4,0,0,0,0,0,0.178333333,0.1192,0.136330159,0,0,0,0,0,0,0,0.155355556,0.0816,0.108706823,0.108322333,0.106954622
219,0.4,0.4,0.4,0.4,0.4,0,0,0,0,0,0.1757,0.124538095,0.1422,0,0,0,0,0,0,0,0.141744444,0.074005,0.105288304,0.105042667,0.101725378
220,0.4,0.4,0.4,0.4,0.4,0,0,0,0,0,0.203166667,0.132946429,0.13767619,0,0,0,0,0,0,0,0.124755556,0.072695,0.109541715,0.106584,0.10299395
221,0.4,0.4,0.4,0.4,0.4,0,0,0,0,0,0.21905,0.14517619,0.140088889,0,0,0,0,0,0,0,0.116022222,0.069585,0.114754191,0.108640667,0.105023445
222,0.4,0.4,0.4,0.4,0.4,0,0.000425,0,0,0,0.218583333,0.15165119,0.144366667,0,0,0,0.00057,0,0,0,0.118933333,0.06117,0.114305458,0.104944,0.106843109
223,0.4,0.4,0.4,0.4,0.4,0.048166667,0.105825,0.006011111,0.007568333,0.00354,0.207316667,0.143035714,0.16067619,0,0,0.0515,0.117355,0.005196296,0.006781385,0.004824706,0.119444444,0.06155,0.108113645,0.105923333,0.107458824
224,0.4,0.4,0.4,0.4,0.4,0.199233333,0.254095,0.126659259,0.134774,0.111148214,0.22025,0.135733333,0.182279365,0,0,0.202788889,0.29331,0.14215614,0.139030936,0.116669748,0.113911111,0.051435,0.104118908,0.097376,0.096158824
225,0.4,0.4,0.4,0.4,0.4,0.338583333,0.37453,0.310054074,0.298262,0.279356429,0.231283333,0.132641667,0.183914286,0,0,0.350366667,0.437865,0.330723002,0.303593628,0.293693445,0.090388889,0.04617,0.083091033,0.0659355,0.074746303
226,0.4,0.4,0.4,0.4,0.4,0.460183333,0.47615,0.451525926,0.434186667,0.425215714,0.249133333,0.125791667,0.185034921,0,0,0.461333333,0.52451,0.471819688,0.444122538,0.433961765,0.081966667,0.04515,0.063857895,0.043548333,0.04962479
227,0.4,0.4,0.4,0.4,0.4,0.518116667,0.55166,0.556776296,0.523478333,0.525534286,0.258,0.116394048,0.191255556,0,0,0.519222222,0.5749,0.558332554,0.535381692,0.539822857,0.083477778,0.05476,0.066512671,0.0420015,0.03996395
228,0.4,0.4,0.4,0.4,0.4,0.546033333,0.552565,0.609808889,0.570428,0.582145,0.24355,0.112279762,0.159649206,0,0,0.5471,0.5962,0.598204678,0.594054333,0.587282605,0.084322222,0.056415,0.06814347,0.046269167,0.039411429
229,0.4,0.4,0.4,0.4,0.4,0.5088,0.51972,0.610885185,0.580676667,0.590235,0.243716667,0.108645238,0.144949206,0,0,0.504766667,0.56036,0.60792729,0.595420205,0.593361933,0.094722222,0.05648,0.076520468,0.050983833,0.039767311
230,0.4,0.4,0.4,0.4,0.4,0.4366,0.431315,0.564905926,0.546345,0.558297857,0.24225,0.107822619,0.130022222,0,0,0.448177778,0.491085,0.563717349,0.551429795,0.548584538,0.083711111,0.055655,0.080915789,0.054172333,0.041928992
231,0.4,0.4,0.4,0.4,0.4,0.33945,0.324955,0.47764963,0.458228333,0.476537857,0.217916667,0.104158333,0.119665079,0,0,0.3585,0.37684,0.478792593,0.464938244,0.470632521,0.079088889,0.05467,0.076723392,0.059245167,0.045683025
232,0.4,0.4,0.4,0.4,0.4,0.210633333,0.196055,0.343304444,0.338305333,0.3391,0.204333333,0.097739286,0.114707937,0,0,0.223566667,0.216805,0.356409357,0.334357359,0.344440924,0.091433333,0.060195,0.079559454,0.065398333,0.050221092
233,0.4,0.4,0.4,0.4,0.4,0.070116667,0.03338,0.177884444,0.182758333,0.189094643,0.19245,0.097994048,0.101744444,0,0,0.0665,0.03765,0.180962768,0.179244564,0.189385042,0.092977778,0.064275,0.078009162,0.068396833,0.050682017
234,0.4,0.4,0.4,0.4,0.4,0,0,0.01802,0.034155667,0.038389286,0.190216667,0.110159524,0.111377778,0,0,0,0,0.018432749,0.034348679,0.039541849,0.116733333,0.060095,0.0895,0.080687667,0.059662269
235,0.4,0.4,0.4,0.4,0.4,0,0,0,0,0,0.168233333,0.117505952,0.107422222,0,0,0,0,0,0,0,0.128855556,0.05247,0.090757895,0.096130167,0.073973529
236,0.4,0.4,0.4,0.4,0.4,0,0,0,0,0,0.180916667,0.114321429,0.108692063,0,0,0,0,0,0,0,0.135855556,0.056445,0.093430799,0.094802,0.089296723
237,0.4,0.4,0.4,0.4,0.4,0,0,0,0,0,0.150783333,0.109139286,0.10622381,0,0,0,0,0,0,0,0.137377778,0.05207,0.093665107,0.092973667,0.098133193
238,0.4,0.4,0.4,0.4,0.4,0,0,0,0,0,0.156583333,0.107552381,0.104533333,0,0,0,0,0,0,0,0.116877778,0.049705,0.112932749,0.0867865,0.102513697
239,0.4,0.4,0.4,0.4,0.4,0,0,0,0,0,0.177533333,0.103909524,0.115380952,0,0,0,0,0,0,0,0.121622222,0.053455,0.110859454,0.082889,0.106327815
240,0.4,0.4,0.4,0.4,0.4,0,0,0,0,0,0.148683333,0.107184524,0.117409524,0,0,0,0,0,0,0,0.131822222,0.065835,0.102681092,0.078389333,0.106382521
241,0.25,0.25,0.25,0.25,0.25,0,0,0,0,0,0.20845,0.174352381,0.233693651,0,0,0,0,0,0,0,0.193511111,0.0775,0.201596296,0.182975333,0.20404605
242,0.25,0.25,0.25,0.25,0.25,0,0,0,0,0,0.202483333,0.179838095,0.24874127,0,0,0,0,0,0,0,0.197411111,0.07972,0.204446784,0.175177,0.208148235
243,0.25,0.25,0.25,0.25,0.25,0,0,0,0,0,0.21045,0.160640476,0.25338254,0,0,0,0,0,0,0,0.201955556,0.08272,0.20274386,0.167266333,0.206309916
244,0.25,0.25,0.25,0.25,0.25,0,0,0,0,0,0.235733333,0.161933333,0.269403175,0,0,0,0,0,0,0,0.191366667,0.09185,0.192282261,0.162199667,0.199452353
245,0.25,0.25,0.25,0.25,0.25,0,0,0,0,0,0.260616667,0.167654762,0.268252381,0,0,0,0,0,0,0,0.171655556,0.078215,0.181316764,0.156236,0.196473697
246,0.25,0.25,0.25,0.25,0.25,0,0,0,0,0,0.2767,0.166636905,0.276065079,0,0,0,0,0,0,0,0.176066667,0.096135,0.161883626,0.158144833,0.20515521
247,0.25,0.25,0.25,0.25,0.25,0.0223,0.07595,0.002477778,0.002017333,0.00016,0.282083333,0.175213095,0.277719048,0,0,0.020666667,0.092585,0.001048148,0.001571167,0.00041,0.169866667,0.09543,0.153759844,0.1605855,0.206863277
248,0.25,0.25,0.25,0.25,0.25,0.1814,0.24632,0.079155556,0.120432,0.091432857,0.316166667,0.17812381,0.279419048,0,0,0.178411111,0.272615,0.087479337,0.120521846,0.093459496,0.157733333,0.08378,0.142817544,0.157971833,0.209300252
249,0.25,0.25,0.25,0.25,0.25,0.33515,0.390015,0.263505185,0.285857667,0.276102857,0.329633333,0.185615476,0.280801587,0,0,0.327533333,0.417755,0.281642885,0.285242115,0.279076387,0.108066667,0.072155,0.128375634,0.141148,0.18102
250,0.25,0.25,0.25,0.25,0.25,0.452,0.483925,0.418399259,0.422596333,0.424404286,0.321283333,0.191340476,0.274322222,0,0,0.4507,0.51244,0.43412885,0.41998409,0.428553025,0.080955556,0.06378,0.09599961,0.119644,0.129062521
251,0.25,0.25,0.25,0.25,0.25,0.519483333,0.55195,0.517815556,0.506945333,0.52938,0.30715,0.198596429,0.256695238,0,0,0.524122222,0.5687,0.528968226,0.506916679,0.533502185,0.084111111,0.07929,0.077938402,0.119503167,0.096875798
252,0.25,0.25,0.25,0.25,0.25,0.542,0.56284,0.572939259,0.548728,0.584417857,0.313166667,0.190844048,0.234603175,0,0,0.545722222,0.57451,0.572112086,0.546145667,0.592848487,0.094677778,0.10028,0.085540936,0.119924333,0.083575378
253,0.25,0.25,0.25,0.25,0.25,0.514416667,0.52101,0.579960741,0.539533667,0.578655,0.314616667,0.175533333,0.203593651,0,0,0.5285,0.54008,0.586988109,0.55102441,0.600891429,0.096333333,0.098745,0.095667251,0.125530167,0.070393697
254,0.25,0.25,0.25,0.25,0.25,0.441783333,0.46219,0.54478963,0.498099333,0.554783571,0.28425,0.17369881,0.161252381,0,0,0.455244444,0.48292,0.537396101,0.507647064,0.564392773,0.091611111,0.088565,0.104602534,0.128721667,0.067196723
255,0.25,0.25,0.25,0.25,0.25,0.341033333,0.331915,0.460895556,0.4246,0.472496071,0.268033333,0.1744,0.16418254,0,0,0.348955556,0.35294,0.457405458,0.433919808,0.478392101,0.089388889,0.101715,0.116878947,0.134821333,0.063376891
256,0.25,0.25,0.25,0.25,0.25,0.194666667,0.16484,0.308642222,0.311771667,0.343331429,0.238533333,0.185839286,0.152580952,0,0,0.196166667,0.187755,0.314388889,0.312797474,0.343296639,0.092111111,0.115035,0.127270955,0.1421055,0.064283866
257,0.25,0.25,0.25,0.25,0.25,0.038633333,0.00807,0.132277037,0.161091667,0.178815,0.20905,0.185095238,0.145028571,0,0,0.031944444,0.009605,0.13788577,0.164754321,0.180008403,0.096033333,0.12925,0.139181481,0.138579667,0.076017983
258,0.25,0.25,0.25,0.25,0.25,0,0,0.000777778,0.021325,0.023292143,0.203433333,0.191609524,0.138428571,0,0,0,0,0.001340351,0.020957756,0.02330084,0.122133333,0.1226,0.156149318,0.157731667,0.107217395
259,0.25,0.25,0.25,0.25,0.25,0,0,0,0,0,0.173616667,0.188995238,0.152563492,0,0,0,0,0,0,0,0.141366667,0.105025,0.161621248,0.178944167,0.152428739
260,0.25,0.25,0.25,0.25,0.25,0,0,0,0,0,0.153633333,0.1882,0.185768254,0,0,0,0,0,0,0,0.139977778,0.117865,0.164130214,0.1938775,0.176737815
261,0.25,0.25,0.25,0.25,0.25,0,0,0,0,0,0.148083333,0.178986905,0.222884127,0,0,0,0,0,0,0,0.142988889,0.1188,0.162040156,0.190509667,0.182111261
262,0.25,0.25,0.25,0.25,0.25,0,0,0,0,0,0.131433333,0.187570238,0.234761905,0,0,0,0,0,0,0,0.153766667,0.12875,0.161332749,0.197103333,0.188818655
263,0.25,0.25,0.25,0.25,0.25,0,0,0,0,0,0.118366667,0.183982143,0.262039683,0,0,0,0,0,0,0,0.179277778,0.1244,0.158526511,0.189695667,0.196656891
264,0.25,0.25,0.25,0.25,0.25,0,0,0,0,0,0.113216667,0.17697619,0.270463492,0,0,0,0,0,0,0,0.1705,0.127985,0.148931384,0.184089167,0.196122605
265,0.2,0.2,0.2,0.2,0.2,0,0,0,0,0,0.283866667,0.323016667,0.341906349,0,0,0,0,0,0,0,0.205944444,0.08997,0.162998051,0.273094167,0.214421681
266,0.2,0.2,0.2,0.2,0.2,0,0,0,0,0,0.314633333,0.309270238,0.352963492,0,0,0,0,0,0,0,0.217366667,0.08984,0.155016374,0.262652833,0.212697227
267,0.2,0.2,0.2,0.2,0.2,0,0,0,0,0,0.341433333,0.301005952,0.364833333,0,0,0,0,0,0,0,0.220933333,0.088305,0.154626901,0.251344833,0.217303109
268,0.2,0.2,0.2,0.2,0.2,0,0,0,0,0,0.371183333,0.314960714,0.368604762,0,0,0,0,0,0,0,0.204444444,0.093285,0.146674464,0.247343,0.232615714
269,0.2,0.2,0.2,0.2,0.2,0,0,0,0,0,0.402783333,0.31589881,0.34442381,0,0,0,0,0,0,0,0.196777778,0.091135,0.140289279,0.242311333,0.245586471
270,0.2,0.2,0.2,0.2,0.2,0,0,0,0,0,0.4412,0.331497619,0.343601587,0,0,0,0,0,0,0,0.184755556,0.085425,0.137771735,0.2456245,0.262777563
271,0.2,0.2,0.2,0.2,0.2,0.00095,0.03088,0,0,0,0.43985,0.358580952,0.342571429,0,0,0.000122222,0.032685,0,0,0,0.180077778,0.087265,0.132563353,0.247873333,0.278322605
272,0.2,0.2,0.2,0.2,0.2,0.130233333,0.219425,0.031501481,0.081876333,0.045413929,0.44955,0.369686905,0.344088889,0,0,0.125477778,0.25011,0.029478752,0.081309346,0.050339664,0.168177778,0.07793,0.134658674,0.244751,0.281847311
273,0.2,0.2,0.2,0.2,0.2,0.290883333,0.374095,0.2319,0.248486667,0.218681429,0.438133333,0.383955952,0.354890476,0,0,0.276011111,0.41346,0.234464133,0.250494423,0.229204118,0.135433333,0.075985,0.126238596,0.2210265,0.270014538
274,0.2,0.2,0.2,0.2,0.2,0.412733333,0.49715,0.39505037,0.394540667,0.3848975,0.422266667,0.393147619,0.377366667,0,0,0.403855556,0.532885,0.397234503,0.399985628,0.393644454,0.105377778,0.06394,0.102688109,0.186276667,0.220505294
275,0.2,0.2,0.2,0.2,0.2,0.480366667,0.567455,0.510466667,0.4962,0.509659286,0.3976,0.408504762,0.36538254,0,0,0.499422222,0.598035,0.502212476,0.502743897,0.508252773,0.0934,0.064825,0.079266862,0.184293,0.183042269
276,0.2,0.2,0.2,0.2,0.2,0.521833333,0.59442,0.586913333,0.554054333,0.576715714,0.35425,0.37292381,0.314384127,0,0,0.527633333,0.61228,0.556176413,0.559677936,0.578750588,0.090733333,0.074265,0.071844055,0.199164833,0.160708571
277,0.2,0.2,0.2,0.2,0.2,0.490816667,0.557135,0.600505185,0.561791,0.587885714,0.315416667,0.345147619,0.263084127,0,0,0.508833333,0.58197,0.584403119,0.572419051,0.594789664,0.104611111,0.0755,0.075818324,0.204038167,0.146497899
278,0.2,0.2,0.2,0.2,0.2,0.4336,0.48272,0.57346963,0.533880667,0.555758571,0.29555,0.323765476,0.222131746,0,0,0.453944444,0.525155,0.551335283,0.531663103,0.56408,0.098566667,0.07888,0.085752827,0.21078,0.136431176
279,0.2,0.2,0.2,0.2,0.2,0.331416667,0.35835,0.484901481,0.456221667,0.488561429,0.28295,0.311720238,0.195785714,0,0,0.348933333,0.39735,0.482229435,0.466474103,0.497188487,0.104755556,0.085355,0.099370955,0.215587833,0.132411849
280,0.2,0.2,0.2,0.2,0.2,0.200783333,0.193385,0.349120741,0.344598333,0.3704325,0.284266667,0.319696429,0.177871429,0,0,0.205977778,0.22113,0.338298246,0.351603321,0.371654706,0.104055556,0.08635,0.111092398,0.220596833,0.123225462
281,0.2,0.2,0.2,0.2,0.2,0.047566667,0.01272,0.163642222,0.197374667,0.202607857,0.28505,0.301795238,0.187860317,0,0,0.039555556,0.012,0.151055556,0.197262679,0.204936303,0.113866667,0.089135,0.12545809,0.223422167,0.122440924
282,0.2,0.2,0.2,0.2,0.2,0,0,0.002048889,0.036661667,0.037342143,0.28495,0.310064286,0.213033333,0,0,0,0,0.002496491,0.036552179,0.034596723,0.140911111,0.097145,0.153981871,0.252480167,0.155493866
283,0.2,0.2,0.2,0.2,0.2,0,0,0,0,0,0.2708,0.336458333,0.237344444,0,0,0,0,0,0,0,0.150433333,0.102745,0.168445224,0.291424333,0.197675714
284,0.2,0.2,0.2,0.2,0.2,0,0,0,0,0,0.240916667,0.357082143,0.277990476,0,0,0,0,0,0,0,0.161222222,0.10215,0.184636257,0.301482833,0.227838655
285,0.2,0.2,0.2,0.2,0.2,0,0,0,0,0,0.227483333,0.368510714,0.320953968,0,0,0,0,0,0,0,0.184755556,0.11382,0.189408187,0.308569,0.247258908
286,0.2,0.2,0.2,0.2,0.2,0,0,0,0,0,0.225133333,0.366530952,0.338419048,0,0,0,0,0,0,0,0.193977778,0.130725,0.190925536,0.307790833,0.268475714
287,0.2,0.2,0.2,0.2,0.2,0,0,0,0,0,0.209633333,0.363004762,0.34291746,0,0,0,0,0,0,0,0.198877778,0.13894,0.18758655,0.312422333,0.274165294
288,0.2,0.2,0.2,0.2,0.2,0,0,0,0,0,0.211316667,0.347290476,0.335207937,0,0,0,0,0,0,0,0.236366667,0.14693,0.188236257,0.288852,0.284434202
